Time  [ms],Battery Power* [uW] (Raw),Battery Power* [uW] (Delta)
4,361080,37192
67,361080,37192
168,299696,0
270,361080,37192
369,361080,37192
470,324972,1084
570,292474,0
671,238312,0
772,151653,0
872,259977,0
974,324972,1084
1072,227480,0
1173,317750,0
1273,324972,1084
1377,361080,37192
1474,361080,37192
1580,227480,0
1677,278031,0
1776,252756,0
1875,227480,0
1978,238312,0
2076,216648,0
2178,198594,0
2285,216648,0
2379,127785,0
2479,216648,0
2579,324972,1084
2680,317750,0
2781,361080,37192
2886,324972,1084
2982,324972,1084
3085,361080,37192
3186,361080,37192
3287,288864,0
3386,361080,37192
3488,361080,37192
3591,324972,1084
3701,361080,37192
3800,361080,37192
3910,154213,0
4000,324972,1084
4101,51408,0
4203,11566,0
4304,0,0
4410,25704,0
4505,25704,0
4606,12852,0
4707,14137,0
4810,0,0
4908,25704,0
5016,25704,0
5107,121776,0
5211,23133,0
5311,25704,0
5412,25704,0
5513,11566,0
5613,0,0
5719,0,0
5815,32130,0
5916,12852,0
6016,0,0
6117,12852,0
6222,0,0
6317,27535,0
6421,63686,0
6520,0,0
6620,23133,0
6719,0,0
6817,97491,0
6919,38919,0
7023,34700,0
7122,25704,0
7223,25704,0
7323,34700,0
7424,14137,0
7524,0,0
7624,216648,0
7726,194983,0
7824,158875,0
7924,0,0
8028,35381,0
8128,12852,0
8229,23133,0
8330,12852,0
8433,0,0
8534,23133,0
8629,79437,0
8733,23133,0
8834,0,0
8935,23133,0
9036,0,0
9137,12852,0
9237,13767,0
9338,0,0
9439,12852,0
9541,0,0
9641,13767,0
9742,0,0
9842,0,0
9942,25704,0
10045,12852,0
10096,20563,0
10198,12852,0
10298,12852,0
10397,12852,0
10499,0,0
10599,25704,0
10700,12852,0
10803,12852,0
10902,23133,0
11003,0,0
11104,12852,0
11205,23133,0
11306,0,0
11406,14137,0
11507,12852,0
11607,12852,0
11708,14137,0
11811,12852,0
11911,23133,0
12011,53071,0
12112,0,0
12213,0,0
12317,0,0
12415,0,0
12516,0,0
12617,23133,0
12719,0,0
12822,11566,0
12923,0,0
13023,12852,0
13124,12852,0
13226,12852,0
13323,129988,0
13427,0,0
13529,12852,0
13631,12852,0
13732,12852,0
13832,0,0
13935,12852,0
14035,23133,0
14136,0,0
14237,23133,0
14338,23133,0
14439,12852,0
14542,20563,0
14643,0,0
14742,12852,0
14843,12390,0
14945,13767,0
15047,12852,0
15147,12852,0
15249,12852,0
15357,12852,0
15448,133599,0
15553,11566,0
15657,11566,0
15753,14137,0
15855,12852,0
15956,12852,0
16056,36108,0
16156,12852,0
16257,25704,0
16357,12852,0
16460,11566,0
16565,0,0
16660,12852,0
16760,23133,0
16861,14137,0
16963,12852,0
17062,14137,0
17163,23133,0
17263,12852,0
17366,32130,0
17466,12852,0
17567,12852,0
17664,144432,0
17767,0,0
17869,12852,0
17979,0,0
18020,42411,0
18125,20563,0
18221,25704,0
18321,14137,0
18430,23133,0
18528,29418,0
18624,25704,0
18734,25704,0
18823,55013,0
18925,0,0
19028,11566,0
19127,28274,0
19227,23133,0
19328,14137,0
19428,0,0
19529,34700,0
19630,0,0
19731,11566,0
19832,0,0
19935,23133,0
20034,0,0
20136,11566,0
20237,0,0
20338,11566,0
20439,0,0
20541,0,0
20641,0,0
20742,11566,0
20843,0,0
20944,12852,0
21046,0,0
21151,11566,0
21247,14137,0
21348,0,0
21449,12852,0
21552,0,0
21651,12852,0
21750,23133,0
21851,25704,0
21952,25704,0
22063,11566,0
22152,119156,0
22254,0,0
22356,0,0
22457,12852,0
22560,0,0
22659,12852,0
22760,12852,0
22861,12852,0
22961,12852,0
23063,12852,0
23163,12852,0
23265,12852,0
23368,0,0
23466,14137,0
23567,12852,0
23668,12852,0
23770,23133,0
23874,20563,0
23971,0,0
24071,23133,0
24173,23133,0
24277,12852,0
24374,0,0
24475,38556,0
24576,0,0
24677,32130,0
24782,0,0
24877,0,0
24977,0,0
25078,23133,0
25182,23133,0
25281,14137,0
25382,11566,0
25482,25704,0
25587,34700,0
25682,29418,0
25784,0,0
25883,36773,0
25984,23133,0
26090,12852,0
26187,12852,0
26288,23133,0
26388,12852,0
26491,34700,0
26590,23133,0
26691,12852,0
26792,0,0
26893,12852,0
26997,23133,0
27093,0,0
27194,32130,0
27295,12852,0
27400,23133,0
27497,12852,0
27598,0,0
27651,0,0
27750,23133,0
27850,0,0
27951,23133,0
28051,14137,0
28154,12852,0
28251,25704,0
28351,12852,0
28455,12852,0
28558,12852,0
28654,12852,0
28754,0,0
28855,23133,0
28953,158875,0
29055,12852,0
29156,0,0
29256,11566,0
29357,23133,0
29458,0,0
29560,0,0
29660,12852,0
29760,12852,0
29861,23133,0
29960,119156,0
30061,18736,0
30164,0,0
30264,27535,0
30365,0,0
30466,12852,0
30566,13767,0
30668,12852,0
30767,14137,0
30867,13238,0
30968,0,0
31069,12852,0
31169,0,0
31271,23133,0
31371,13767,0
31472,12852,0
31573,12852,0
31673,12852,0
31774,12852,0
31875,12852,0
31975,25704,0
32074,39718,0
32174,0,0
32287,12852,0
32373,119156,0
32477,11566,0
32577,0,0
32679,0,0
32782,23133,0
32881,13767,0
32983,12852,0
33083,12852,0
33184,34700,0
33284,14137,0
33384,0,0
33485,0,0
33586,26476,0
33687,0,0
33788,39192,0
33892,0,0
33990,16670,0
34090,30007,0
34193,0,0
34294,23133,0
34393,15677,0
34495,0,0
34595,16180,0
34696,12852,0
34798,12852,0
34897,26476,0
34998,0,0
35098,12852,0
35199,0,0
35302,12852,0
35402,27535,0
35502,14709,0
35606,12852,0
35701,119156,0
35805,20563,0
35905,0,0
36006,23133,0
36106,12852,0
36207,0,0
36307,25704,0
36408,12852,0
36508,0,0
36609,23133,0
36709,14137,0
36812,11566,0
36910,38556,0
37010,12852,0
37111,14137,0
37212,12852,0
37314,23133,0
37414,12852,0
37514,14137,0
37615,0,0
37719,23133,0
37816,0,0
37917,12852,0
38018,0,0
38118,23133,0
38220,12852,0
38321,23133,0
38422,0,0
38523,12852,0
38623,0,0
38725,23133,0
38825,13767,0
38924,0,0
39025,23133,0
39128,14137,0
39225,97491,0
39327,12852,0
39427,25704,0
39528,12852,0
39629,12852,0
39733,13767,0
39831,14137,0
39932,12852,0
40032,14137,0
40132,25704,0
40239,23133,0
40334,14137,0
40434,14137,0
40536,14137,0
40643,25704,0
40737,25704,0
40837,38556,0
40936,0,0
41037,12852,0
41139,12852,0
41239,13767,0
41340,12852,0
41440,0,0
41543,24781,0
41646,0,0
41743,15144,0
41844,23133,0
41945,0,0
42046,13767,0
42147,20563,0
42248,12852,0
42348,0,0
42449,23133,0
42552,12852,0
42647,119156,0
42751,11566,0
42851,0,0
42951,14137,0
43052,12852,0
43153,25704,0
43254,0,0
43355,23133,0
43455,0,0
43556,12852,0
43657,12852,0
43757,23133,0
43858,0,0
43959,0,0
44060,12852,0
44161,11566,0
44263,12852,0
44364,0,0
44464,23133,0
44565,12852,0
44666,0,0
44765,15677,0
44868,23133,0
44917,27535,0
45017,25704,0
45118,0,0
45218,25704,0
45319,12852,0
45419,14137,0
45520,23133,0
45620,12852,0
45723,23133,0
45823,12852,0
45924,12852,0
46032,12852,0
46124,38919,0
46225,12852,0
46326,0,0
46427,0,0
46527,20563,0
46627,0,0
46728,12852,0
46829,0,0
46930,34700,0
47032,0,0
47132,14137,0
47232,14137,0
47333,12852,0
47434,25704,0
47534,11566,0
47635,12852,0
47736,0,0
47837,12852,0
47938,12852,0
48040,12852,0
48140,23133,0
48241,0,0
48342,23133,0
48443,0,0
48544,23133,0
48645,0,0
48746,12852,0
48846,14137,0
48947,12852,0
49048,23133,0
49151,12852,0
49251,12852,0
49351,0,0
49455,23133,0
49549,90270,0
49653,23535,0
49757,0,0
49855,0,0
49955,23133,0
50057,0,0
50158,0,0
50266,11566,0
50360,15144,0
50461,0,0
50561,0,0
50666,11566,0
50762,25704,0
50862,12852,0
50964,0,0
51069,11566,0
51166,0,0
51266,12852,0
51368,12852,0
51474,12852,0
51568,25704,0
51668,0,0
51769,12852,0
51870,12852,0
51975,12852,0
52070,12852,0
52172,0,0
52273,12852,0
52378,0,0
52475,14137,0
52574,23133,0
52675,12852,0
52777,14137,0
52877,23133,0
52981,0,0
53079,14137,0
53179,0,0
53281,0,0
53387,23133,0
53483,16670,0
53584,0,0
53686,0,0
53787,12390,0
53889,12852,0
53991,0,0
54091,24781,0
54191,0,0
54292,12852,0
54393,12852,0
54493,13767,0
54594,12852,0
54696,12852,0
54796,14137,0
54897,23133,0
54997,25704,0
55098,12852,0
55198,12852,0
55300,25704,0
55400,0,0
55501,13767,0
55602,14709,0
55703,12852,0
55804,0,0
55907,12852,0
56006,12852,0
56108,12852,0
56208,12852,0
56259,25704,0
56361,23133,0
56457,0,0
56561,24781,0
56662,0,0
56763,12852,0
56864,23133,0
56964,12852,0
57066,0,0
57168,23133,0
57267,0,0
57368,0,0
57471,0,0
57571,0,0
57672,11566,0
57774,12852,0
57874,12852,0
57974,12852,0
58076,0,0
58178,23133,0
58278,12852,0
58378,25704,0
58478,12852,0
58579,25704,0
58680,12852,0
58782,13767,0
58882,24781,0
58983,0,0
59084,23133,0
59184,0,0
59286,24781,0
59387,12852,0
59487,12852,0
59587,25704,0
59688,23133,0
59790,0,0
59890,13767,0
59990,19459,0
60090,38556,0
60191,0,0
60292,0,0
60394,0,0
60493,12852,0
60594,0,0
60695,23133,0
60795,0,0
60896,12852,0
60997,13767,0
61098,0,0
61199,12852,0
61299,12852,0
61399,14709,0
61501,12852,0
61601,0,0
61702,12852,0
61803,25704,0
61903,14137,0
62004,23133,0
62105,50012,0
62203,12852,0
62305,25704,0
62406,12852,0
62506,14137,0
62608,12852,0
62708,14137,0
62809,23133,0
62909,0,0
63010,12852,0
63112,11566,0
63212,12852,0
63313,12852,0
63415,13767,0
63511,36108,0
63614,12852,0
63718,12852,0
63814,0,0
63916,0,0
64016,0,0
64117,12852,0
64221,0,0
64318,25704,0
64418,0,0
64519,25704,0
64619,12852,0
64720,0,0
64820,0,0
64921,11566,0
65023,0,0
65126,0,0
65223,12852,0
65324,0,0
65425,11566,0
65527,0,0
65631,23535,0
65726,14137,0
65827,12852,0
65928,23133,0
66030,0,0
66130,11566,0
66228,12852,0
66329,0,0
66430,0,0
66530,23133,0
66639,0,0
66731,46267,0
66831,12852,0
66937,0,0
67031,39718,0
67136,11566,0
67234,16180,0
67335,0,0
67435,12852,0
67536,0,0
67637,0,0
67737,23133,0
67838,0,0
67938,12852,0
68040,25704,0
68140,0,0
68241,20563,0
68341,12852,0
68442,0,0
68543,23133,0
68645,0,0
68745,24781,0
68846,13767,0
68946,12852,0
69047,12852,0
69149,0,0
69249,14709,0
69351,23133,0
69451,0,0
69552,12852,0
69653,0,0
69753,23133,0
69855,0,0
69955,12852,0
70056,11566,0
70156,0,0
70256,0,0
70369,0,0
70458,25704,0
70559,14137,0
70608,25704,0
70709,25704,0
70809,0,0
70910,32130,0
71011,0,0
71111,25704,0
71211,0,0
71312,25704,0
71413,12852,0
71513,13767,0
71614,0,0
71715,13767,0
71817,0,0
71917,12852,0
72018,12852,0
72118,0,0
72219,12852,0
72320,0,0
72421,12852,0
72522,12852,0
72622,14709,0
72724,12852,0
72824,12852,0
72924,12852,0
73026,12852,0
73127,12852,0
73228,12852,0
73329,14137,0
73429,12852,0
73530,11566,0
73630,13767,0
73731,0,0
73832,14137,0
73929,36108,0
74033,12852,0
74135,11566,0
74235,0,0
74335,11566,0
74436,12852,0
74537,0,0
74638,12852,0
74738,26476,0
74839,12852,0
74940,0,0
75041,23133,0
75142,12852,0
75244,12852,0
75342,14709,0
75444,12852,0
75543,14137,0
75644,14137,0
75745,0,0
75845,14137,0
75945,12852,0
76045,0,0
76146,12852,0
76248,23133,0
76348,0,0
76449,12852,0
76550,23133,0
76651,25704,0
76752,0,0
76853,23133,0
76954,12852,0
77054,12852,0
77157,15144,0
77253,36108,0
77357,11566,0
77457,0,0
77557,23133,0
77658,0,0
77758,13767,0
77859,23133,0
77961,0,0
78060,14709,0
78161,12852,0
78262,23133,0
78363,12852,0
78464,12852,0
78564,13767,0
78665,0,0
78764,12852,0
78865,0,0
78966,12852,0
79068,23133,0
79169,0,0
79269,12852,0
79370,0,0
79470,24781,0
79572,12852,0
79672,13767,0
79772,12852,0
79873,25704,0
79974,0,0
80076,23133,0
80175,0,0
80276,12852,0
80376,23133,0
80477,12852,0
80577,14137,0
80678,12852,0
80777,0,0
80878,14137,0
80979,12852,0
81080,12852,0
81181,25704,0
81283,12852,0
81384,34700,0
81488,12852,0
81585,0,0
81685,14137,0
81785,12852,0
81887,0,0
81989,20563,0
82090,0,0
82190,0,0
82291,0,0
82393,20563,0
82495,0,0
82595,12852,0
82697,12852,0
82798,0,0
82899,0,0
83001,23133,0
83102,12852,0
83204,12852,0
83305,23133,0
83356,0,0
83501,12852,0
83557,0,0
83657,24781,0
83758,0,0
83860,12852,0
83960,12852,0
84061,0,0
84163,0,0
84259,64994,0
84363,0,0
84464,12852,0
84565,0,0
84666,14709,0
84767,12852,0
84868,12852,0
84968,12852,0
85068,0,0
85169,0,0
85269,23133,0
85371,12852,0
85473,0,0
85573,12852,0
85674,23133,0
85773,23133,0
85874,0,0
85977,0,0
86078,12852,0
86179,12852,0
86279,12852,0
86380,11566,0
86481,0,0
86583,12852,0
86684,12852,0
86784,12852,0
86885,12852,0
86985,12852,0
87086,0,0
87187,23133,0
87287,12852,0
87387,0,0
87488,23133,0
87589,12852,0
87689,0,0
87787,35381,0
87888,12852,0
87989,23133,0
88091,12852,0
88191,13767,0
88291,0,0
88392,0,0
88493,12852,0
88594,12852,0
88694,12852,0
88794,12852,0
88895,0,0
88995,0,0
89097,23133,0
89197,0,0
89298,0,0
89398,11566,0
89499,12852,0
89601,12852,0
89701,24781,0
89803,0,0
89904,23133,0
90005,0,0
90106,12852,0
90208,12852,0
90308,12852,0
90409,0,0
90509,14709,0
90611,12852,0
90713,12852,0
90812,12852,0
90913,0,0
91014,12852,0
91115,0,0
91224,23133,0
91313,79437,0
91417,23133,0
91518,14137,0
91621,23133,0
91720,0,0
91820,23133,0
91922,0,0
92025,15677,0
92126,17690,0
92224,35381,0
92326,0,0
92428,23133,0
92528,12852,0
92629,25704,0
92730,12852,0
92831,0,0
92932,23133,0
93035,32130,0
93134,25704,0
93234,14137,0
93336,12852,0
93437,23133,0
93538,0,0
93639,0,0
93739,23133,0
93840,25704,0
93943,0,0
94043,13767,0
94144,23133,0
94246,0,0
94348,23133,0
94449,0,0
94549,12852,0
94651,23133,0
94752,0,0
94802,20563,0
94901,35381,0
95003,12852,0
95104,14137,0
95213,23133,0
95309,14137,0
95410,12852,0
95512,0,0
95621,29559,0
95710,18337,0
95812,12852,0
95912,16180,0
96013,12852,0
96114,23133,0
96221,0,0
96315,0,0
96416,0,0
96516,23133,0
96618,23133,0
96717,14137,0
96818,12852,0
96919,12852,0
97019,0,0
97121,23133,0
97220,13767,0
97321,14137,0
97421,0,0
97523,14137,0
97625,23133,0
97725,12852,0
97825,12852,0
97925,14709,0
98026,14137,0
98126,12852,0
98227,0,0
98330,12852,0
98427,36108,0
98531,12852,0
98631,12852,0
98734,0,0
98834,12852,0
98934,0,0
99035,11566,0
99135,12852,0
99236,0,0
99338,11566,0
99438,25704,0
99539,0,0
99639,12852,0
99739,12852,0
99841,12852,0
99941,0,0
100042,12852,0
100143,12852,0
100244,12852,0
100345,12852,0
100445,0,0
100546,12852,0
100646,11566,0
100747,12852,0
100849,0,0
100949,24781,0
101050,0,0
101150,25704,0
101251,13767,0
101352,23133,0
101452,12852,0
101553,12852,0
101653,12852,0
101754,15144,0
101864,23133,0
101951,79437,0
102054,0,0
102155,0,0
102258,20563,0
102362,0,0
102458,14137,0
102559,12852,0
102661,11566,0
102761,23133,0
102871,12852,0
102963,0,0
103063,12852,0
103165,23133,0
103268,0,0
103365,0,0
103466,0,0
103567,0,0
103666,12852,0
103770,10281,0
103868,14137,0
103969,12852,0
104070,0,0
104171,0,0
104271,12852,0
104372,23133,0
104473,0,0
104574,25704,0
104675,12852,0
104775,23133,0
104876,12852,0
104976,0,0
105078,23133,0
105178,0,0
105286,23133,0
105376,90270,0
105479,0,0
105580,12390,0
105681,0,0
105782,23133,0
105883,0,0
105984,23133,0
106084,12852,0
106185,12852,0
106285,13767,0
106387,12852,0
106486,25704,0
106587,0,0
106688,25704,0
106789,0,0
106890,12852,0
106990,23133,0
107091,0,0
107191,13767,0
107293,12852,0
107393,0,0
107494,23133,0
107595,0,0
107697,14137,0
107798,12852,0
107849,20563,0
107948,0,0
108050,12852,0
108149,12852,0
108249,0,0
108350,14137,0
108450,0,0
108556,20563,0
108652,0,0
108753,12852,0
108856,12852,0
108955,58379,0
109054,23133,0
109154,0,0
109255,23133,0
109357,0,0
109461,12852,0
109557,0,0
109658,23133,0
109757,0,0
109859,0,0
109961,11566,0
110060,12852,0
110160,12852,0
110261,11566,0
110362,0,0
110463,12852,0
110563,12852,0
110664,12852,0
110764,0,0
110865,12852,0
110966,12852,0
111067,12852,0
111167,12852,0
111268,12852,0
111368,25704,0
111467,14137,0
111568,0,0
111670,12852,0
111771,12852,0
111872,0,0
111973,11566,0
112074,0,0
112175,12852,0
112276,14709,0
112384,12390,0
112476,158875,0
112581,11566,0
112681,0,0
112781,12852,0
112882,0,0
112984,24781,0
113086,0,0
113186,23133,0
113287,0,0
113388,12852,0
113488,16180,0
113591,23133,0
113693,0,0
113792,0,0
113893,0,0
113995,20563,0
114096,0,0
114199,0,0
114299,12852,0
114399,0,0
114500,0,0
114602,20563,0
114703,0,0
114806,0,0
114906,25704,0
115007,23133,0
115108,12852,0
115209,12852,0
115311,0,0
115411,12852,0
115512,0,0
115613,0,0
115714,12852,0
115816,11566,0
115922,0,0
116017,25704,0
116119,12852,0
116220,11566,0
116322,0,0
116428,0,0
116524,23133,0
116624,23133,0
116726,14137,0
116830,20563,0
116927,14137,0
117028,23133,0
117129,0,0
117228,14137,0
117328,12852,0
117429,38919,0
117530,12852,0
117630,34700,0
117731,12852,0
117831,13767,0
117931,0,0
118032,14137,0
118133,12852,0
118237,0,0
118335,25704,0
118435,12852,0
118536,12852,0
118639,0,0
118738,12852,0
118839,12852,0
118940,12852,0
119044,11566,0
119142,23133,0
119243,0,0
119344,0,0
119441,108324,0
119545,0,0
119648,0,0
119745,14137,0
119846,23133,0
119948,12852,0
120051,0,0
120148,0,0
120248,0,0
120350,12852,0
120451,12852,0
120559,11566,0
120651,14137,0
120752,12852,0
120803,0,0
120903,25704,0
121004,14137,0
121105,23133,0
121210,11566,0
121306,0,0
121407,12852,0
121508,23133,0
121612,0,0
121709,11566,0
121809,12852,0
121910,0,0
122012,0,0
122116,11566,0
122212,24766,0
122313,11566,0
122414,0,0
122526,0,0
122616,17690,0
122714,158875,0
122817,0,0
122918,12852,0
123021,12852,0
123122,0,0
123223,13767,0
123324,12852,0
123425,0,0
123526,12852,0
123627,23133,0
123727,13767,0
123827,14137,0
123929,25704,0
124033,11566,0
124131,14137,0
124231,0,0
124332,12852,0
124433,23133,0
124535,12852,0
124637,0,0
124736,0,0
124837,23133,0
124939,0,0
125040,12852,0
125142,12852,0
125244,0,0
125344,11566,0
125446,0,0
125546,25704,0
125647,23133,0
125747,12852,0
125847,0,0
125948,34700,0
126048,0,0
126149,0,0
126247,129988,0
126349,0,0
126450,12852,0
126550,12852,0
126651,25704,0
126752,23133,0
126852,15422,0
126952,14137,0
127056,32130,0
127156,0,0
127256,12852,0
127358,23133,0
127462,12852,0
127557,12852,0
127658,0,0
127759,12852,0
127859,12852,0
127967,0,0
128062,25704,0
128162,12852,0
128264,0,0
128368,23133,0
128465,12852,0
128566,0,0
128667,23133,0
128768,12852,0
128870,12852,0
128969,14137,0
129070,0,0
129172,11566,0
129278,23133,0
129373,0,0
129474,0,0
129574,20563,0
129674,79437,0
129775,0,0
129877,0,0
129977,23133,0
130078,11566,0
130182,12852,0
130282,12852,0
130383,13767,0
130482,12852,0
130583,12852,0
130684,12852,0
130784,0,0
130885,0,0
130987,14709,0
131089,0,0
131192,23133,0
131291,13767,0
131392,13767,0
131493,12852,0
131594,12852,0
131695,0,0
131797,12852,0
131896,14709,0
131997,12852,0
132098,14137,0
132199,0,0
132300,23133,0
132401,0,0
132501,11566,0
132552,0,0
132653,13767,0
132754,0,0
132855,12852,0
132965,12852,0
133054,144432,0
133157,0,0
133257,0,0
133358,0,0
133463,23133,0
133560,0,0
133660,12852,0
133761,0,0
133861,13767,0
133964,0,0
134063,23133,0
134163,0,0
134264,12852,0
134365,12852,0
134469,11566,0
134566,14137,0
134667,12852,0
134769,11566,0
134874,11566,0
134969,14137,0
135071,0,0
135171,23133,0
135274,0,0
135376,0,0
135473,12852,0
135574,0,0
135675,12852,0
135776,12852,0
135881,0,0
135978,23133,0
136079,0,0
136180,23133,0
136282,0,0
136383,12852,0
136484,0,0
136585,23133,0
136681,0,0
136785,22028,0
136886,12852,0
136986,15144,0
137087,12852,0
137186,23133,0
137287,25704,0
137388,12852,0
137488,0,0
137588,12852,0
137689,25704,0
137789,12852,0
137890,12852,0
137990,14709,0
138091,12852,0
138192,0,0
138293,12852,0
138394,12852,0
138493,12852,0
138594,23133,0
138695,0,0
138796,12852,0
138895,0,0
139000,11566,0
139098,0,0
139198,12852,0
139299,12852,0
139404,32130,0
139501,12852,0
139602,12852,0
139702,12852,0
139801,0,0
139908,0,0
140004,13767,0
140104,0,0
140201,64994,0
140304,0,0
140410,0,0
140505,17244,0
140606,0,0
140707,0,0
140808,0,0
140909,12852,0
141009,25704,0
141110,23133,0
141210,34700,0
141311,12852,0
141412,0,0
141513,0,0
141615,12852,0
141715,23133,0
141816,0,0
141917,23133,0
142017,14709,0
142118,0,0
142218,13767,0
142320,12852,0
142421,12852,0
142521,24781,0
142621,12852,0
142722,0,0
142823,12852,0
142924,23133,0
143025,0,0
143125,12852,0
143225,12852,0
143325,12852,0
143426,0,0
143527,12852,0
143628,12852,0
143728,11566,0
143830,0,0
143931,25704,0
144031,12852,0
144133,11566,0
144233,0,0
144334,11566,0
144435,0,0
144537,0,0
144641,11566,0
144739,0,0
144840,12852,0
144940,0,0
145043,0,0
145146,11566,0
145243,0,0
145344,32130,0
145445,12852,0
145546,11566,0
145652,0,0
145749,12852,0
145849,12852,0
145949,0,0
146051,12852,0
146158,0,0
146252,23133,0
146353,14137,0
146455,0,0
146556,0,0
146661,11566,0
146757,14709,0
146858,0,0
146960,22028,0
147062,0,0
147165,12852,0
147263,0,0
147365,0,0
147470,0,0
147566,23133,0
147669,0,0
147769,0,0
147875,0,0
147971,25704,0
148072,0,0
148173,11566,0
148279,12852,0
148375,0,0
148476,0,0
148578,34700,0
148679,12852,0
148779,0,0
148880,0,0
148981,14137,0
149083,11566,0
149190,0,0
149284,0,0
149335,25704,0
149485,0,0
149586,23133,0
149688,0,0
149738,25704,0
149839,0,0
149940,12852,0
150040,12852,0
150191,15422,0
150290,0,0
150391,23133,0
150442,25704,0
150541,13767,0
150695,7711,0
150743,0,0
150844,32130,0
150947,0,0
151043,53071,0
151145,14137,0
151246,12852,0
151347,12852,0
151448,24781,0
151549,0,0
151650,12852,0
151750,25704,0
151852,34700,0
151952,0,0
152053,12852,0
152153,26476,0
152253,36675,0
152355,12852,0
152455,0,0
152556,23133,0
152657,23133,0
152758,12852,0
152858,0,0
152959,12852,0
153060,25704,0
153161,12852,0
153261,12852,0
153362,0,0
153463,12852,0
153563,24781,0
153664,12852,0
153764,34700,0
153864,0,0
153966,0,0
154067,23133,0
154167,12852,0
154268,12852,0
154368,12852,0
154467,0,0
154569,12852,0
154670,24781,0
154770,12852,0
154871,0,0
154972,12852,0
155074,12852,0
155174,13767,0
155275,11566,0
155374,14137,0
155476,12852,0
155576,12852,0
155676,25704,0
155776,12852,0
155876,14137,0
155980,11566,0
156079,14709,0
156180,12852,0
156281,14137,0
156381,25704,0
156483,12852,0
156582,25704,0
156683,12852,0
156783,25704,0
156884,23133,0
156987,23133,0
157086,0,0
157185,25704,0
157286,23133,0
157386,25704,0
157487,11566,0
157588,0,0
157689,0,0
157790,23133,0
157894,12852,0
157991,53071,0
158091,12852,0
158192,25704,0
158294,12852,0
158394,23133,0
158495,12852,0
158596,12852,0
158697,12852,0
158797,14709,0
158898,12852,0
158999,24781,0
159100,12852,0
159200,0,0
159301,23133,0
159403,12852,0
159502,14709,0
159603,0,0
159703,26476,0
159803,23133,0
159904,14137,0
160005,0,0
160104,0,0
160205,24781,0
160305,14137,0
160406,12852,0
160507,12852,0
160607,14137,0
160707,12852,0
160808,14137,0
160910,12852,0
161011,12852,0
161111,0,0
161212,14709,0
161314,23133,0
161411,0,0
161515,0,0
161615,23133,0
161716,13767,0
161817,12852,0
161917,13767,0
162020,25704,0
162119,0,0
162220,12852,0
162320,23133,0
162420,13767,0
162521,12852,0
162623,11566,0
162724,12852,0
162825,0,0
162926,13767,0
163026,14137,0
163126,12852,0
163227,24781,0
163328,0,0
163428,14137,0
163529,12852,0
163629,0,0
163730,13767,0
163830,12852,0
163931,23133,0
164031,0,0
164134,11566,0
164234,12852,0
164335,12852,0
164435,0,0
164535,13767,0
164637,25704,0
164738,11566,0
164844,0,0
164937,0,0
165039,12852,0
165141,12852,0
165244,11566,0
165342,12852,0
165443,12852,0
165543,14709,0
165645,12852,0
165746,0,0
165847,23133,0
165947,12852,0
166048,12852,0
166148,0,0
166249,23133,0
166350,0,0
166450,26476,0
166552,0,0
166651,0,0
166752,12390,0
166853,14137,0
166960,11566,0
167056,34700,0
167156,0,0
167258,12852,0
167363,0,0
167457,0,0
167558,12852,0
167658,12852,0
167759,12852,0
167862,11566,0
167960,12852,0
168061,23133,0
168161,12852,0
168264,12852,0
168363,14709,0
168463,0,0
168564,0,0
168664,0,0
168765,23133,0
168874,0,0
168967,25704,0
169067,12852,0
169167,20563,0
169268,12852,0
169376,0,0
169469,16670,0
169571,14709,0
169673,12852,0
169774,12852,0
169876,0,0
169976,23133,0
170077,13767,0
170129,25704,0
170230,0,0
170385,7711,0
170480,0,0
170530,51408,0
170632,0,0
170782,0,0
170883,0,0
170932,31354,0
171034,11566,0
171135,12852,0
171236,12852,0
171336,25704,0
171437,32130,0
171540,25704,0
171635,0,0
171738,11566,0
171839,12852,0
171939,14137,0
172042,23133,0
172141,13767,0
172242,0,0
172343,12852,0
172443,23133,0
172545,12852,0
172645,0,0
172746,12852,0
172846,12852,0
172946,12852,0
173047,23133,0
173149,0,0
173248,12852,0
173348,12852,0
173447,14137,0
173548,14137,0
173650,12852,0
173751,12852,0
173851,23133,0
173951,0,0
174051,0,0
174154,20563,0
174253,0,0
174354,12852,0
174456,12852,0
174556,12852,0
174657,12852,0
174759,12852,0
174858,27535,0
174959,12852,0
175060,12852,0
175166,11566,0
175259,0,0
175362,12852,0
175464,12852,0
175564,12852,0
175665,0,0
175766,23133,0
175869,0,0
175967,14137,0
176067,12852,0
176168,12852,0
176269,12852,0
176370,12852,0
176470,12852,0
176571,23133,0
176672,14137,0
176775,23133,0
176874,0,0
176974,12852,0
177075,0,0
177179,20563,0
177275,14137,0
177376,0,0
177477,11566,0
177578,12852,0
177679,0,0
177779,14709,0
177880,12852,0
177981,14709,0
178082,12852,0
178182,14709,0
178284,0,0
178385,23133,0
178487,0,0
178587,12852,0
178689,12852,0
178784,36108,0
178889,11566,0
178989,0,0
179089,23133,0
179191,0,0
179292,12390,0
179392,0,0
179496,20563,0
179595,12852,0
179695,13767,0
179795,0,0
179896,0,0
179999,12852,0
180097,12852,0
180198,0,0
180298,0,0
180400,23133,0
180501,23133,0
180601,25704,0
180702,0,0
180802,32130,0
180904,23133,0
181005,0,0
181105,12852,0
181206,0,0
181307,12852,0
181407,12852,0
181507,14137,0
181607,23133,0
181708,0,0
181809,12852,0
181910,12852,0
182010,0,0
182111,32130,0
182212,14137,0
182312,34489,0
182414,23133,0
182515,12852,0
182616,0,0
182716,14137,0
182818,12852,0
182918,0,0
183018,25704,0
183119,12852,0
183220,12852,0
183321,12852,0
183422,12852,0
183523,12852,0
183622,25704,0
183724,32130,0
183824,0,0
183928,12852,0
184025,14137,0
184125,23133,0
184226,14137,0
184327,12852,0
184428,12852,0
184528,24781,0
184629,12852,0
184729,14137,0
184831,23133,0
184931,14137,0
185032,12852,0
185133,25704,0
185233,23133,0
185334,25704,0
185435,11566,0
185535,38919,0
185636,25704,0
185737,23133,0
185838,12852,0
185938,14137,0
186038,0,0
186139,14137,0
186240,12852,0
186340,14709,0
186441,0,0
186543,0,0
186644,20563,0
186745,12852,0
186846,0,0
186947,23133,0
187047,14137,0
187148,14137,0
187249,23133,0
187349,0,0
187450,23133,0
187551,12852,0
187652,0,0
187752,0,0
187854,11566,0
187953,23133,0
188054,0,0
188155,12852,0
188255,25704,0
188356,0,0
188457,12852,0
188557,12852,0
188658,12852,0
188758,12852,0
188808,0,0
188911,15677,0
189009,43577,0
189111,23133,0
189211,0,0
189312,12852,0
189412,13767,0
189514,12852,0
189614,12852,0
189718,12852,0
189815,25704,0
189915,23133,0
190016,12852,0
190116,14137,0
190217,11566,0
190317,0,0
190418,12852,0
190519,0,0
190622,23133,0
190723,12852,0
190824,0,0
190923,12852,0
191024,34700,0
191125,12852,0
191225,14137,0
191326,23133,0
191427,14137,0
191528,23133,0
191629,12852,0
191729,0,0
191830,12852,0
191931,12852,0
192032,0,0
192132,0,0
192233,12852,0
192344,32130,0
192431,39718,0
192536,0,0
192636,12852,0
192737,12852,0
192837,12852,0
192938,14137,0
193039,12852,0
193139,12852,0
193239,12852,0
193340,0,0
193440,23133,0
193541,0,0
193641,12852,0
193743,12852,0
193843,12852,0
193944,23133,0
194045,0,0
194146,12852,0
194247,11566,0
194348,13767,0
194449,0,0
194555,20563,0
194649,28274,0
194749,25704,0
194850,34700,0
194954,11566,0
195052,28274,0
195153,23133,0
195254,14137,0
195354,25704,0
195457,176780,0
195556,36108,0
195656,72216,0
195756,72216,0
195857,64994,0
195959,25704,0
196061,0,0
196162,12852,0
196263,14709,0
196364,23133,0
196464,14137,0
196570,0,0
196668,14137,0
196767,0,0
196880,91986,0
197005,274420,0
197066,361080,37192
197172,18337,0
197271,34700,0
197372,14137,0
197473,12852,0
197573,12852,0
197675,12852,0
197776,12852,0
197876,14709,0
197976,14137,0
198076,23133,0
198177,14137,0
198278,12852,0
198379,0,0
198480,12852,0
198580,23133,0
198682,0,0
198782,14137,0
198890,12852,0
198982,51734,0
199083,14137,0
199184,32130,0
199284,12852,0
199385,14137,0
199486,12852,0
199586,25704,0
199689,23133,0
199787,12852,0
199888,13767,0
199989,0,0
200090,20563,0
200192,12852,0
200293,12852,0
200393,14709,0
200490,158875,0
200594,12852,0
200696,11566,0
200797,12852,0
200846,0,0
200947,23133,0
201049,0,0
201149,23133,0
201248,0,0
201349,12852,0
201451,12852,0
201552,12852,0
201651,12852,0
201751,14137,0
201852,12852,0
201972,25704,0
202053,74945,0
202153,0,0
202255,0,0
202355,11566,0
202456,0,0
202556,23133,0
202656,0,0
202758,25704,0
202858,12852,0
202964,0,0
203060,15144,0
203161,12852,0
203263,12852,0
203365,11566,0
203462,12852,0
203563,23133,0
203663,0,0
203764,12852,0
203866,12852,0
203966,34700,0
204068,0,0
204166,25704,0
204267,25704,0
204370,0,0
204470,12852,0
204570,13767,0
204671,12852,0
204771,12852,0
204874,0,0
204973,24781,0
205074,12852,0
205175,12852,0
205276,13767,0
205376,25704,0
205482,0,0
205586,39715,0
205674,43329,0
205777,0,0
205879,11566,0
205982,12852,0
206079,12852,0
206180,0,0
206280,14137,0
206386,11566,0
206482,12852,0
206583,14137,0
206684,12852,0
206785,25704,0
206887,12852,0
206985,0,0
207086,13767,0
207187,12852,0
207288,0,0
207388,23133,0
207489,0,0
207590,12852,0
207691,12852,0
207791,23133,0
207891,0,0
207991,14137,0
208092,32130,0
208193,25704,0
208293,23133,0
208395,0,0
208496,23133,0
208597,0,0
208698,12852,0
208798,23133,0
208899,12852,0
209000,0,0
209107,23133,0
209201,0,0
209302,0,0
209404,23133,0
209504,0,0
209603,12852,0
209705,12852,0
209806,13767,0
209908,12852,0
210007,13767,0
210108,12852,0
210209,0,0
210308,16180,0
210411,23133,0
210509,14137,0
210611,23133,0
210712,0,0
210813,12852,0
210914,12852,0
211014,12852,0
211115,0,0
211216,12852,0
211316,15677,0
211418,11566,0
211519,12852,0
211620,0,0
211720,14709,0
211821,26476,0
211923,12852,0
212024,12852,0
212124,42411,0
212224,0,0
212323,119156,0
212426,23133,0
212536,11566,0
212626,97298,0
212727,0,0
212828,0,0
212929,12852,0
213030,23133,0
213131,11566,0
213232,0,0
213333,13238,0
213435,12852,0
213537,0,0
213638,23133,0
213737,14137,0
213838,12852,0
213938,0,0
214039,12852,0
214140,12852,0
214240,14709,0
214340,0,0
214450,23133,0
214543,0,0
214644,14137,0
214744,0,0
214850,0,0
214945,14137,0
215046,12852,0
215147,12852,0
215251,23133,0
215348,0,0
215449,0,0
215550,12852,0
215651,20563,0
215756,0,0
215853,0,0
215952,12852,0
216052,12852,0
216158,12852,0
216253,39715,0
216354,0,0
216456,12852,0
216559,12852,0
216658,0,0
216760,12852,0
216860,0,0
216962,0,0
217062,25704,0
217162,12852,0
217263,11566,0
217364,14137,0
217464,12852,0
217566,0,0
217667,23133,0
217767,0,0
217869,11566,0
217970,12852,0
218020,25704,0
218121,13767,0
218224,0,0
218323,12852,0
218424,12852,0
218525,12852,0
218626,12852,0
218727,12852,0
218829,12852,0
218929,0,0
219030,12852,0
219131,23133,0
219232,0,0
219333,23133,0
219435,12852,0
219537,12852,0
219641,25704,0
219733,119156,0
219837,14137,0
219937,23133,0
220037,12852,0
220137,12852,0
220239,12852,0
220344,0,0
220441,25704,0
220541,12852,0
220643,11566,0
220747,14137,0
220844,0,0
220945,0,0
221045,12852,0
221147,0,0
221250,11566,0
221347,14137,0
221447,0,0
221549,12852,0
221650,12852,0
221753,0,0
221851,14137,0
221951,12852,0
222053,0,0
222156,0,0
222254,25704,0
222354,0,0
222456,11566,0
222556,12852,0
222661,12852,0
222756,12852,0
222857,12852,0
222958,0,0
223058,12852,0
223158,11566,0
223258,79437,0
223360,12852,0
223462,0,0
223562,14137,0
223663,11566,0
223764,12852,0
223865,25704,0
223966,12852,0
224070,23133,0
224169,12852,0
224270,12852,0
224371,12852,0
224472,12852,0
224573,0,0
224678,23133,0
224776,14709,0
224877,12852,0
224978,12852,0
225080,0,0
225182,23133,0
225281,12852,0
225383,11566,0
225483,0,0
225585,20563,0
225686,0,0
225790,0,0
225888,14709,0
225989,0,0
226091,20563,0
226192,0,0
226293,14137,0
226394,23133,0
226495,0,0
226595,32130,0
226698,25704,0
226796,144432,0
226896,0,0
226997,23133,0
227097,28274,0
227198,0,0
227300,11566,0
227400,25704,0
227500,25704,0
227601,12852,0
227701,14137,0
227809,11566,0
227902,0,0
228003,12852,0
228104,0,0
228205,0,0
228308,20563,0
228408,13767,0
228510,0,0
228611,14137,0
228712,0,0
228813,23133,0
228913,12852,0
229013,14137,0
229114,11566,0
229215,0,0
229320,0,0
229417,12852,0
229468,20563,0
229570,12852,0
229670,0,0
229771,0,0
229873,11566,0
229974,0,0
230074,22028,0
230179,12852,0
230278,0,0
230376,44128,0
230477,12852,0
230583,12852,0
230679,12852,0
230780,0,0
230881,23133,0
230982,12852,0
231088,0,0
231185,11566,0
231285,23133,0
231387,12852,0
231489,25704,0
231587,0,0
231688,23133,0
231789,12852,0
231889,12852,0
231993,12852,0
232090,23133,0
232189,0,0
232290,23133,0
232394,0,0
232492,0,0
232593,0,0
232693,32130,0
232795,25704,0
232899,11566,0
232995,14137,0
233096,0,0
233196,0,0
233296,11566,0
233398,0,0
233498,0,0
233600,23133,0
233700,15677,0
233804,11566,0
233906,119156,0
234002,0,0
234104,0,0
234206,0,0
234307,0,0
234408,11566,0
234513,0,0
234611,12852,0
234712,25704,0
234812,14137,0
234912,23133,0
235017,11566,0
235113,14137,0
235214,12852,0
235316,0,0
235418,12852,0
235517,14137,0
235618,20563,0
235720,0,0
235822,11566,0
235924,0,0
236023,23133,0
236123,0,0
236223,0,0
236324,12852,0
236428,23133,0
236527,14137,0
236628,23133,0
236729,23133,0
236829,23133,0
236934,0,0
237033,0,0
237132,23133,0
237234,12852,0
237337,0,0
237434,50012,0
237535,0,0
237636,11566,0
237737,0,0
237842,0,0
237938,25704,0
238039,12852,0
238140,23133,0
238245,20563,0
238340,14137,0
238440,0,0
238541,11566,0
238643,23133,0
238746,0,0
238844,13767,0
238945,12852,0
239047,12852,0
239148,0,0
239251,0,0
239351,26476,0
239452,0,0
239504,35985,0
239602,14137,0
239702,25704,0
239804,23133,0
239905,0,0
240006,12852,0
240107,12852,0
240208,0,0
240309,14137,0
240410,0,0
240510,25704,0
240611,12852,0
240712,14137,0
240817,12852,0
240910,97491,0
241013,25704,0
241114,0,0
241215,25704,0
241320,0,0
241417,12852,0
241517,12852,0
241619,12852,0
241720,0,0
241819,0,0
241920,14137,0
242021,23133,0
242123,12852,0
242223,14137,0
242329,34700,0
242422,72216,0
242525,0,0
242628,25704,0
242727,0,0
242827,12852,0
242928,0,0
243028,12852,0
243132,23133,0
243232,0,0
243332,12852,0
243433,11566,0
243533,23133,0
243635,0,0
243735,0,0
243835,12852,0
243936,0,0
244037,11566,0
244140,0,0
244245,12852,0
244340,23133,0
244447,0,0
244538,0,0
244643,12852,0
244743,14137,0
244843,23133,0
244944,12852,0
245045,12852,0
245150,11566,0
245248,12852,0
245349,0,0
245450,0,0
245551,11566,0
245657,0,0
245752,35381,0
245857,12852,0
245956,12852,0
246056,23133,0
246158,25704,0
246258,25704,0
246358,14137,0
246459,32130,0
246564,0,0
246661,23133,0
246762,0,0
246863,12852,0
246965,11566,0
247064,14137,0
247165,12852,0
247266,12852,0
247367,23133,0
247467,12852,0
247569,12852,0
247668,0,0
247769,12852,0
247870,0,0
247975,11566,0
248069,36108,0
248173,12852,0
248274,0,0
248375,0,0
248477,0,0
248578,11566,0
248681,12852,0
248729,31354,0
248830,12852,0
248931,0,0
249032,0,0
249132,12852,0
249233,12852,0
249335,0,0
249437,23133,0
249536,0,0
249637,25704,0
249738,12852,0
249842,0,0
249938,25704,0
250039,32130,0
250140,12852,0
250241,0,0
250343,0,0
250442,25704,0
250543,12852,0
250644,0,0
250752,11566,0
250846,0,0
250947,0,0
251046,20563,0
251148,14137,0
251253,0,0
251346,97491,0
251449,0,0
251550,23133,0
251651,12852,0
251751,25704,0
251851,0,0
251952,12852,0
252054,32130,0
252154,0,0
252254,15677,0
252356,12852,0
252457,11566,0
252559,12852,0
252660,12852,0
252760,12852,0
252861,25704,0
252962,0,0
253063,25704,0
253164,23133,0
253265,0,0
253366,0,0
253467,20563,0
253568,0,0
253670,12852,0
253771,0,0
253872,12852,0
253972,25704,0
254074,25704,0
254174,0,0
254275,12852,0
254376,0,0
254477,23133,0
254581,12852,0
254677,144432,0
254779,12852,0
254880,0,0
254980,12852,0
255082,0,0
255185,12852,0
255282,25704,0
255383,12852,0
255483,14137,0
255583,23133,0
255684,23133,0
255784,14137,0
255884,12852,0
255985,12852,0
256086,0,0
256188,11566,0
256287,14137,0
256388,23133,0
256489,0,0
256595,11566,0
256691,0,0
256791,11566,0
256892,0,0
256993,0,0
257094,11566,0
257198,0,0
257297,25704,0
257397,23133,0
257498,23133,0
257601,0,0
257699,25704,0
257800,0,0
257902,23133,0
258003,0,0
258103,14137,0
258201,119156,0
258304,11566,0
258407,0,0
258509,0,0
258607,34700,0
258708,0,0
258809,12852,0
258910,12852,0
259013,0,0
259112,34700,0
259212,0,0
259314,12852,0
259418,11566,0
259464,0,0
259567,12852,0
259665,12852,0
259765,12852,0
259866,12852,0
259967,12852,0
260070,0,0
260168,23133,0
260269,12852,0
260370,0,0
260472,0,0
260575,11566,0
260673,12852,0
260774,12852,0
260874,12852,0
260975,23133,0
261080,11566,0
261177,14137,0
261277,12852,0
261377,0,0
261481,11566,0
261580,12852,0
261676,158875,0
261779,12852,0
261881,0,0
261984,12852,0
262083,0,0
262184,23133,0
262285,0,0
262387,0,0
262488,23133,0
262588,12852,0
262690,12852,0
262790,0,0
262891,12852,0
262991,13767,0
263094,11566,0
263193,12852,0
263294,12852,0
263396,0,0
263498,0,0
263598,0,0
263708,20563,0
263800,0,0
263901,14137,0
264001,32130,0
264101,23133,0
264204,12852,0
264304,14137,0
264405,12852,0
264505,23133,0
264607,25704,0
264707,0,0
264808,23133,0
264908,0,0
265010,25704,0
265111,23133,0
265214,13767,0
265308,108324,0
265411,0,0
265513,0,0
265614,11566,0
265720,11566,0
265815,14137,0
265916,11566,0
266018,12852,0
266119,12852,0
266226,11566,0
266320,0,0
266421,12852,0
266523,12852,0
266629,12852,0
266723,13767,0
266824,12852,0
266924,0,0
267025,12852,0
267135,10281,0
267228,19459,0
267329,0,0
267430,0,0
267532,0,0
267632,0,0
267736,12852,0
267834,34700,0
267935,0,0
268035,12852,0
268140,0,0
268237,23133,0
268337,12852,0
268438,12852,0
268539,0,0
268644,12852,0
268741,12852,0
268840,63686,0
268941,11566,0
268992,0,0
269091,0,0
269192,0,0
269293,0,0
269398,0,0
269494,23133,0
269595,0,0
269696,0,0
269796,0,0
269899,12852,0
269998,13767,0
270098,14137,0
270198,0,0
270299,0,0
270399,12852,0
270500,23133,0
270600,25704,0
270701,0,0
270801,23133,0
270901,14137,0
271002,25704,0
271103,23133,0
271204,12852,0
271304,12852,0
271405,12852,0
271505,0,0
271606,12852,0
271707,34700,0
271807,12852,0
271907,0,0
272008,11566,0
272110,38556,0
272210,0,0
272312,11566,0
272409,79437,0
272510,0,0
272611,0,0
272713,12852,0
272814,0,0
272915,14137,0
273015,0,0
273116,23133,0
273217,0,0
273319,11566,0
273419,15144,0
273520,12852,0
273621,23133,0
273721,13767,0
273823,0,0
273923,23133,0
274023,0,0
274123,12852,0
274223,0,0
274324,20563,0
274424,0,0
274524,15677,0
274625,0,0
274726,12390,0
274828,12852,0
274928,12852,0
275028,14137,0
275128,23133,0
275228,14137,0
275336,11566,0
275427,144432,0
275530,0,0
275630,11566,0
275731,0,0
275832,12852,0
275932,0,0
276034,23133,0
276135,0,0
276235,14137,0
276336,23133,0
276436,12852,0
276536,0,0
276637,12852,0
276738,12852,0
276840,0,0
276940,23133,0
277040,13767,0
277140,12852,0
277241,12852,0
277344,12852,0
277443,0,0
277545,12852,0
277646,12852,0
277746,14137,0
277848,23133,0
277948,0,0
278048,25704,0
278148,0,0
278249,13767,0
278351,23133,0
278450,0,0
278551,12852,0
278653,0,0
278753,24781,0
278855,12852,0
278963,12852,0
279054,37472,0
279156,0,0
279257,23133,0
279357,12852,0
279461,0,0
279557,17244,0
279658,23133,0
279761,32130,0
279864,12852,0
279961,23133,0
280061,0,0
280162,23133,0
280262,0,0
280370,20563,0
280463,0,0
280563,12852,0
280665,23133,0
280765,14137,0
280866,12852,0
280966,25704,0
281067,23133,0
281167,12852,0
281271,23133,0
281370,0,0
281470,25704,0
281571,23133,0
281670,25704,0
281772,0,0
281873,23133,0
281974,12852,0
282074,0,0
282175,0,0
282277,23133,0
282376,0,0
282478,23133,0
282577,0,0
282678,12852,0
282779,12852,0
282880,12852,0
282980,14709,0
283081,12852,0
283182,12852,0
283283,0,0
283384,23133,0
283485,14709,0
283585,0,0
283686,12852,0
283787,23133,0
283888,0,0
283987,14137,0
284089,12852,0
284189,12852,0
284290,12852,0
284392,14137,0
284491,23133,0
284591,13767,0
284692,0,0
284793,12852,0
284893,0,0
284995,20563,0
285095,0,0
285196,13767,0
285296,0,0
285396,34700,0
285497,23133,0
285597,0,0
285697,11566,0
285798,0,0
285900,12852,0
285999,0,0
286101,12852,0
286202,14709,0
286303,0,0
286403,14137,0
286504,12852,0
286604,23133,0
286705,0,0
286806,13767,0
286908,0,0
287008,12852,0
287110,12852,0
287210,12852,0
287311,12852,0
287413,0,0
287513,23133,0
287615,0,0
287716,11566,0
287817,0,0
287918,12390,0
288021,11566,0
288121,0,0
288230,0,0
288324,23133,0
288424,0,0
288526,0,0
288629,12852,0
288678,35985,0
288779,0,0
288881,12852,0
288983,12852,0
289083,12852,0
289185,0,0
289286,0,0
289388,34700,0
289487,15677,0
289588,12852,0
289690,0,0
289791,12852,0
289891,0,0
289994,0,0
290094,12852,0
290197,11566,0
290296,0,0
290397,0,0
290499,0,0
290601,0,0
290705,13238,0
290802,0,0
290903,12852,0
291004,0,0
291106,0,0
291207,11566,0
291312,0,0
291408,23133,0
291509,23133,0
291610,0,0
291711,12852,0
291815,0,0
291914,23133,0
292015,0,0
292116,0,0
292218,0,0
292322,0,0
292419,12852,0
292520,23133,0
292621,23133,0
292721,12852,0
292830,23133,0
292920,108324,0
293023,23133,0
293124,0,0
293224,23133,0
293324,0,0
293425,13767,0
293526,23133,0
293627,12852,0
293727,12852,0
293828,25704,0
293929,0,0
294030,12852,0
294132,12852,0
294233,12852,0
294334,12852,0
294435,25704,0
294535,12852,0
294636,23133,0
294737,14137,0
294837,25704,0
294939,0,0
295040,0,0
295148,0,0
295241,12852,0
295341,13767,0
295442,15144,0
295543,0,0
295645,23133,0
295745,0,0
295845,12852,0
295946,12852,0
296046,12852,0
296146,0,0
296249,11566,0
296350,15144,0
296452,12852,0
296552,12852,0
296652,23133,0
296753,0,0
296855,12852,0
296954,12852,0
297055,12852,0
297156,14137,0
297255,23133,0
297357,0,0
297458,23133,0
297559,0,0
297659,12852,0
297760,12852,0
297862,0,0
297962,0,0
298063,12852,0
298163,11566,0
298264,12852,0
298367,12852,0
298467,0,0
298567,0,0
298668,0,0
298769,0,0
298875,11566,0
298971,23133,0
299071,0,0
299178,0,0
299278,69324,0
299371,144432,0
299471,97491,0
299571,119156,0
299672,129988,0
299772,36108,0
299873,317750,0
299973,32497,0
300073,324972,1084
300174,180540,0
300275,180540,0
300374,43329,0
300475,201879,0
300576,158875,0
